country,code,countryLevel,pubDate,link,num
Bhutan,BTN,Bhutan - Level 1: Exercise Normal Precautions,"Mon, 18 Apr 2022",http://travel.state.gov/content/travel/en/traveladvisories/traveladvisories/bhutan-travel-advisory.html,1
Senegal,SEN,Senegal - Level 1: Exercise Normal Precautions,"Tue, 19 Apr 2022",http://travel.state.gov/content/travel/en/traveladvisories/traveladvisories/senegal-travel-advisory.html,1
Tajikistan,TJK,Tajikistan - Level 2: Exercise Increased Caution,"Mon, 18 Apr 2022",http://travel.state.gov/content/travel/en/traveladvisories/traveladvisories/tajikistan-travel-advisory.html,2
Iceland,ISL,Iceland - Level 1: Exercise Normal Precautions,"Tue, 19 Apr 2022",http://travel.state.gov/content/travel/en/traveladvisories/traveladvisories/iceland-travel-advisory.html,1
China,CHN,China - Level 3: Reconsider Travel,"Mon, 25 Apr 2022",http://travel.state.gov/content/travel/en/traveladvisories/traveladvisories/china-travel-advisory.html,3
Zambia,ZMB,Zambia - Level 1: Exercise Normal Precautions,"Tue, 19 Apr 2022",http://travel.state.gov/content/travel/en/traveladvisories/traveladvisories/zambia-travel-advisory.html,1
Armenia,ARM,Armenia - Level 1: Exercise Normal Precautions,"Mon, 25 Apr 2022",http://travel.state.gov/content/travel/en/traveladvisories/traveladvisories/armenia-travel-advisory.html,1
Syria,SYR,Syria - Level 4: Do Not Travel,"Wed, 20 Apr 2022",http://travel.state.gov/content/travel/en/traveladvisories/traveladvisories/syria-travel-advisory.html,4
Bolivia,BOL,Bolivia - Level 2: Exercise Increased Caution,"Tue, 19 Apr 2022",http://travel.state.gov/content/travel/en/traveladvisories/traveladvisories/bolivia-travel-advisory.html,2
Taiwan,TWN,Taiwan - Level 3: Reconsider Travel,"Mon, 02 May 2022",http://travel.state.gov/content/travel/en/traveladvisories/traveladvisories/taiwan-travel-advisory.html,3
Rwanda,RWA,Rwanda - Level 1: Exercise Normal Precautions,"Wed, 20 Apr 2022",http://travel.state.gov/content/travel/en/traveladvisories/traveladvisories/rwanda-travel-advisory.html,1
Uruguay,URY,Uruguay - Level 2: Exercise Increased Caution,"Mon, 18 Apr 2022",http://travel.state.gov/content/travel/en/traveladvisories/traveladvisories/uruguay-travel-advisory.html,2
Barbados,BRB,Barbados - Level 1: Exercise Normal Precautions,"Mon, 18 Apr 2022",http://travel.state.gov/content/travel/en/traveladvisories/traveladvisories/barbados-travel-advisory.html,1
North Korea,PRK,North Korea - Level 4: Do Not Travel,"Mon, 18 Apr 2022",http://travel.state.gov/content/travel/en/traveladvisories/traveladvisories/north-korea-travel-advisory.html,4
Chad,TCD,Chad - Level 3: Reconsider Travel,"Mon, 18 Apr 2022",http://travel.state.gov/content/travel/en/traveladvisories/traveladvisories/chad-travel-advisory.html,3
Hungary,HUN,Hungary - Level 1: Exercise Normal Precautions,"Tue, 19 Apr 2022",http://travel.state.gov/content/travel/en/traveladvisories/traveladvisories/hungary-travel-advisory.html,1
Malta,MLT,Malta - Level 1: Exercise Normal Precautions,"Tue, 19 Apr 2022",http://travel.state.gov/content/travel/en/traveladvisories/traveladvisories/malta-travel-advisory.html,1
Burma (Myanmar),MMR,Burma (Myanmar) - Level 4: Do Not Travel,"Mon, 18 Apr 2022",http://travel.state.gov/content/travel/en/traveladvisories/traveladvisories/burma-travel-advisory.html,4
Qatar,QAT,Qatar - Level 1: Exercise Normal Precautions,"Mon, 18 Apr 2022",http://travel.state.gov/content/travel/en/traveladvisories/traveladvisories/qatar-travel-advisory.html,1
Saudi Arabia,SAU,Saudi Arabia - Level 3: Reconsider Travel,"Mon, 18 Apr 2022",http://travel.state.gov/content/travel/en/traveladvisories/traveladvisories/saudi-arabia-travel-advisory.html,3
Estonia,EST,Estonia - Level 1: Exercise Normal Precautions,"Tue, 19 Apr 2022",http://travel.state.gov/content/travel/en/traveladvisories/traveladvisories/estonia-travel-advisory.html,1
British Virgin Islands,VGB,British Virgin Islands - Level 1: Exercise Normal Precautions,"Mon, 18 Apr 2022",http://travel.state.gov/content/travel/en/traveladvisories/traveladvisories/british-virgin-islands-travel-advisory.html,1
The Bahamas,BHS,The Bahamas - Level 2: Exercise Increased Caution,"Mon, 18 Apr 2022",http://travel.state.gov/content/travel/en/traveladvisories/traveladvisories/the-bahamas-travel-advisory.html,2
Montenegro,MNE,Montenegro - Level 1: Exercise Normal Precautions,"Tue, 19 Apr 2022",http://travel.state.gov/content/travel/en/traveladvisories/traveladvisories/montenegro-travel-advisory.html,1
Argentina,ARG,Argentina - Level 1: Exercise Normal Precautions,"Mon, 18 Apr 2022",http://travel.state.gov/content/travel/en/traveladvisories/traveladvisories/argentina-travel-advisory.html,1
Belgium,BEL,Belgium - Level 2: Exercise Increased Caution,"Tue, 19 Apr 2022",http://travel.state.gov/content/travel/en/traveladvisories/traveladvisories/belgium-travel-advisory.html,2
Jordan,JOR,Jordan - Level 2: Exercise Increased Caution,"Mon, 18 Apr 2022",http://travel.state.gov/content/travel/en/traveladvisories/traveladvisories/jordan-travel-advisory.html,2
Sudan,SDN,Sudan - Level 4: Do Not Travel,"Tue, 19 Apr 2022",http://travel.state.gov/content/travel/en/traveladvisories/traveladvisories/sudan-travel-advisory.html,4
Cuba,CUB,Cuba - Level 2: Exercise Increased Caution,"Tue, 19 Apr 2022",http://travel.state.gov/content/travel/en/traveladvisories/traveladvisories/cuba-travel-advisory.html,2
Slovakia,SVK,Slovakia - Level 1: Exercise Normal Precautions,"Tue, 19 Apr 2022",http://travel.state.gov/content/travel/en/traveladvisories/traveladvisories/slovakia-travel-advisory.html,1
Guinea,GIN,Guinea-Bissau - Level 3: Reconsider Travel,"Mon, 18 Apr 2022",http://travel.state.gov/content/travel/en/traveladvisories/traveladvisories/guinea-bissau-travel-advisory.html,3
Cyprus,CYP,Cyprus - Level 1: Exercise Normal Precautions,"Tue, 19 Apr 2022",http://travel.state.gov/content/travel/en/traveladvisories/traveladvisories/cyprus-travel-advisory.html,1
Eritrea,ERI,Eritrea - Level 2: Exercise Increased Caution,"Mon, 18 Apr 2022",http://travel.state.gov/content/travel/en/traveladvisories/traveladvisories/eritrea-travel-advisory.html,2
Morocco,MAR,Morocco - Level 2: Exercise Increased Caution,"Mon, 18 Apr 2022",http://travel.state.gov/content/travel/en/traveladvisories/traveladvisories/morocco-travel-advisory.html,2
Germany,DEU,Germany - Level 2: Exercise Increased Caution,"Tue, 19 Apr 2022",http://travel.state.gov/content/travel/en/traveladvisories/traveladvisories/germany-travel-advisory.html,2
Jamaica,JAM,Jamaica - Level 3: Reconsider Travel,"Tue, 19 Apr 2022",http://travel.state.gov/content/travel/en/traveladvisories/traveladvisories/jamaica-travel-advisory.html,3
Algeria,DZA,Algeria - Level 2: Exercise Increased Caution,"Mon, 18 Apr 2022",http://travel.state.gov/content/travel/en/traveladvisories/traveladvisories/algeria-travel-advisory.html,2
Paraguay,PRY,Paraguay - Level 1: Exercise Normal Precautions,"Mon, 02 May 2022",http://travel.state.gov/content/travel/en/traveladvisories/traveladvisories/paraguay-travel-advisory.html,1
Andorra,AND,Andorra - Level 1: Exercise Normal Precautions,"Tue, 19 Apr 2022",http://travel.state.gov/content/travel/en/traveladvisories/traveladvisories/andorra-travel-advisory.html,1
Lesotho,LSO,Lesotho - Level 1: Exercise Normal Precautions,"Mon, 18 Apr 2022",http://travel.state.gov/content/travel/en/traveladvisories/traveladvisories/lesotho-travel-advisory.html,1
Dominica,DMA,Dominica - Level 1: Exercise Normal Precautions,"Tue, 19 Apr 2022",http://travel.state.gov/content/travel/en/traveladvisories/traveladvisories/dominica-travel-advisory.html,1
Turkey,TUR,Turkey - Level 2: Exercise Increased Caution,"Tue, 19 Apr 2022",http://travel.state.gov/content/travel/en/traveladvisories/traveladvisories/turkey-travel-advisory.html,2
Czech Republic,CZE,Czech Republic - Level 1: Exercise Normal Precautions,"Tue, 19 Apr 2022",http://travel.state.gov/content/travel/en/traveladvisories/traveladvisories/czech-republic-travel-advisory.html,1
Portugal,PRT,Portugal - Level 1: Exercise Normal Precautions,"Tue, 19 Apr 2022",http://travel.state.gov/content/travel/en/traveladvisories/traveladvisories/portugal-travel-advisory.html,1
Afghanistan,AFG,Afghanistan - Level 4: Do Not Travel,"Mon, 18 Apr 2022",http://travel.state.gov/content/travel/en/traveladvisories/traveladvisories/afghanistan-advisory.html,4
Suriname,SUR,Suriname - Level 1: Exercise Normal Precautions,"Mon, 18 Apr 2022",http://travel.state.gov/content/travel/en/traveladvisories/traveladvisories/suriname-travel-advisory.html,1
Guatemala,GTM,Guatemala - Level 3: Reconsider Travel,"Tue, 19 Apr 2022",http://travel.state.gov/content/travel/en/traveladvisories/traveladvisories/guatemala-travel-advisory.html,3
Curaçao,CUW,Curaçao - Level 1: Exercise Normal Precautions,"Tue, 19 Apr 2022",http://travel.state.gov/content/travel/en/traveladvisories/traveladvisories/curacao-travel-advisory.html,1
Oman,OMN,Oman - Level 2: Exercise Increased Caution,"Mon, 25 Apr 2022",http://travel.state.gov/content/travel/en/traveladvisories/traveladvisories/oman-travel-advisory.html,2
Brazil,BRA,Brazil - Level 2: Exercise Increased Caution,"Mon, 18 Apr 2022",http://travel.state.gov/content/travel/en/traveladvisories/traveladvisories/brazil-travel-advisory.html,2
Austria,AUT,Austria - Level 1: Exercise Normal Precautions,"Tue, 19 Apr 2022",http://travel.state.gov/content/travel/en/traveladvisories/traveladvisories/austria-travel-advisory.html,1
Azerbaijan,AZE,Azerbaijan - Level 3: Reconsider Travel,"Mon, 25 Apr 2022",http://travel.state.gov/content/travel/en/traveladvisories/traveladvisories/azerbajian-travel-advisory.html,3
Cameroon,CMR,Cameroon - Level 2: Exercise Increased Caution,"Mon, 18 Apr 2022",http://travel.state.gov/content/travel/en/traveladvisories/traveladvisories/cameroon-travel-advisory.html,2
Vanuatu,VUT,Vanuatu - Level 3: Reconsider Travel,"Mon, 18 Apr 2022",http://travel.state.gov/content/travel/en/traveladvisories/traveladvisories/vanuatu-travel-advisory.html,3
Colombia,COL,Colombia - Level 3: Reconsider Travel,"Tue, 19 Apr 2022",http://travel.state.gov/content/travel/en/traveladvisories/traveladvisories/colombia-travel-advisory.html,3
Georgia,GEO,Georgia - Level 1: Exercise Normal Precautions,"Tue, 19 Apr 2022",http://travel.state.gov/content/travel/en/traveladvisories/traveladvisories/georgia-travel-advisory.html,1
Saint Vincent and the Grenadines,VCT,Saint Vincent and the Grenadines - Level 1: Exercise Normal Precautions,"Mon, 18 Apr 2022",http://travel.state.gov/content/travel/en/traveladvisories/traveladvisories/saint-vincent-and-the-grenadines.html,1
Chile,CHL,Chile - Level 2: Exercise Increased Caution,"Tue, 19 Apr 2022",http://travel.state.gov/content/travel/en/traveladvisories/traveladvisories/chile-travel-advisory.html,2
Canada,CAN,Canada - Level 1: Exercise Normal Precautions,"Tue, 19 Apr 2022",http://travel.state.gov/content/travel/en/traveladvisories/traveladvisories/canada-travel-advisory.html,1
Belarus,BLR,Belarus - Level 4: Do Not Travel,"Tue, 19 Apr 2022",http://travel.state.gov/content/travel/en/traveladvisories/traveladvisories/belarus-travel-advisory.html,4
Angola,AGO,Angola - Level 1: Exercise Normal Precautions,"Mon, 18 Apr 2022",http://travel.state.gov/content/travel/en/traveladvisories/traveladvisories/angola-travel-advisory.html,1
Luxembourg,LUX,Luxembourg - Level 1: Exercise Normal Precautions,"Mon, 25 Apr 2022",http://travel.state.gov/content/travel/en/traveladvisories/traveladvisories/luxembourg-travel-advisory.html,1
Tuvalu,TUV,Tuvalu - Level 3: Reconsider Travel,"Mon, 18 Apr 2022",http://travel.state.gov/content/travel/en/traveladvisories/traveladvisories/tuvalu-travel-advisory.html,3
Kiribati,KIR,Kiribati - Level 3: Reconsider Travel,"Mon, 18 Apr 2022",http://travel.state.gov/content/travel/en/traveladvisories/traveladvisories/kiribati-travel-advisory.html,3
Zimbabwe,ZWE,Zimbabwe - Level 2: Exercise Increased Caution,"Tue, 19 Apr 2022",http://travel.state.gov/content/travel/en/traveladvisories/traveladvisories/zimbabwe-travel-advisory.html,2
Hong Kong,HKG,Hong Kong - Level 4: Do Not Travel,"Mon, 25 Apr 2022",http://travel.state.gov/content/travel/en/traveladvisories/traveladvisories/hong-kong-travel-advisory.html,4
Anguilla,AIA,Anguilla - Level 1: Exercise Normal Precautions,"Mon, 18 Apr 2022",http://travel.state.gov/content/travel/en/traveladvisories/traveladvisories/anguilla-travel-advisory.html,1
North Macedonia,MKD,North Macedonia - Level 1: Exercise Normal Precautions,"Tue, 19 Apr 2022",http://travel.state.gov/content/travel/en/traveladvisories/traveladvisories/north-macedonia-travel-advisory.html,1
Japan,JPN,Japan - Level 3: Reconsider Travel,"Mon, 18 Apr 2022",http://travel.state.gov/content/travel/en/traveladvisories/traveladvisories/japan-travel-advisory.html,3
Bangladesh,BGD,Bangladesh - Level 2: Exercise Increased Caution,"Mon, 18 Apr 2022",http://travel.state.gov/content/travel/en/traveladvisories/traveladvisories/bangladesh-travel-advisory.html,2
Ghana,GHA,Ghana - Level 2: Exercise Increased Caution,"Mon, 18 Apr 2022",http://travel.state.gov/content/travel/en/traveladvisories/traveladvisories/ghana-travel-advisory.html,2
Aruba,ABW,Aruba - Level 1: Exercise Normal Precautions,"Mon, 18 Apr 2022",http://travel.state.gov/content/travel/en/traveladvisories/traveladvisories/aruba-travel-advisory.html,1
Sweden,SWE,Sweden - Level 1: Exercise Normal Precautions,"Tue, 19 Apr 2022",http://travel.state.gov/content/travel/en/traveladvisories/traveladvisories/sweden-travel-advisory.html,1
French Guiana,GUF,French Guiana - Level 1: Exercise Normal Precautions,"Tue, 19 Apr 2022",http://travel.state.gov/content/travel/en/traveladvisories/traveladvisories/french-guiana-travel-advisory.html,1
Saint Kitts and Nevis,KNA,Saint Kitts and Nevis - Level 1: Exercise Normal Precautions,"Tue, 19 Apr 2022",http://travel.state.gov/content/travel/en/traveladvisories/traveladvisories/saint-kitts-and-nevis-travel-advisory.html,1
Gabon,GAB,Gabon - Level 1: Exercise Normal Precautions,"Mon, 18 Apr 2022",http://travel.state.gov/content/travel/en/traveladvisories/traveladvisories/gabon-travel-advisory.html,1
Mongolia,MNG,Mongolia - Level 1: Exercise Normal Precautions,"Thu, 21 Apr 2022",http://travel.state.gov/content/travel/en/traveladvisories/traveladvisories/mongolia-travel-advisory.html,1
El Salvador,SLV,El Salvador - Level 3: Reconsider Travel,"Mon, 25 Apr 2022",http://travel.state.gov/content/travel/en/traveladvisories/traveladvisories/el-salvador-travel-advisory.html,3
Madagascar,MDG,Madagascar - Level 2: Exercise Increased Caution,"Mon, 18 Apr 2022",http://travel.state.gov/content/travel/en/traveladvisories/traveladvisories/madagascar-travel-advisory.html,2
Poland,POL,Poland - Level 3: Reconsider Travel,"Tue, 19 Apr 2022",http://travel.state.gov/content/travel/en/traveladvisories/traveladvisories/poland-travel-advisory.html,3
Mauritius,MUS,Mauritius - Level 1: Exercise Normal Precautions,"Mon, 18 Apr 2022",http://travel.state.gov/content/travel/en/traveladvisories/traveladvisories/mauritius-travel-advisory.html,1
Moldova,MDA,Moldova - Level 4: Do Not Travel,"Tue, 19 Apr 2022",http://travel.state.gov/content/travel/en/traveladvisories/traveladvisories/moldova-travel-advisory.html,4
Namibia,NAM,Namibia - Level 1: Exercise Normal Precautions,"Wed, 20 Apr 2022",http://travel.state.gov/content/travel/en/traveladvisories/traveladvisories/namibia-travel-advisory.html,1
Nigeria,NGA,Nigeria - Level 3: Reconsider Travel,"Wed, 20 Apr 2022",http://travel.state.gov/content/travel/en/traveladvisories/traveladvisories/nigeria-travel-advisory.html,3
Tunisia,TUN,Tunisia - Level 2: Exercise Increased Caution,"Wed, 20 Apr 2022",http://travel.state.gov/content/travel/en/traveladvisories/traveladvisories/tunisia-travel-advisory.html,2
Maldives,MDV,Maldives - Level 2: Exercise Increased Caution,"Mon, 18 Apr 2022",http://travel.state.gov/content/travel/en/traveladvisories/traveladvisories/maldives-travel-advisory.html,2
Greece,GRC,Greece - Level 1: Exercise Normal Precautions,"Tue, 19 Apr 2022",http://travel.state.gov/content/travel/en/traveladvisories/traveladvisories/greece-travel-advisory.html,1
Central African Republic,CAF,Central African Republic - Level 4: Do Not Travel,"Mon, 18 Apr 2022",http://travel.state.gov/content/travel/en/traveladvisories/traveladvisories/central-african-republic-travel-advisory.html,4
Somalia,SOM,Somalia - Level 4: Do Not Travel,"Tue, 19 Apr 2022",http://travel.state.gov/content/travel/en/traveladvisories/traveladvisories/somalia-travel-advisory.html,4
Grenada,GRD,Grenada - Level 1: Exercise Normal Precautions,"Tue, 19 Apr 2022",http://travel.state.gov/content/travel/en/traveladvisories/traveladvisories/grenada-travel-advisory.html,1
Norway,NOR,Norway - Level 1: Exercise Normal Precautions,"Tue, 19 Apr 2022",http://travel.state.gov/content/travel/en/traveladvisories/traveladvisories/norway-travel-advisory.html,1
Tanzania,TZA,Tanzania - Level 2: Exercise Increased Caution,"Tue, 19 Apr 2022",http://travel.state.gov/content/travel/en/traveladvisories/traveladvisories/tanzania-travel-advisory.html,2
Tonga,TON,Tonga - Level 4: Do Not Travel,"Mon, 18 Apr 2022",http://travel.state.gov/content/travel/en/traveladvisories/traveladvisories/tonga-travel-advisory.html,4
South Sudan,SSD,South Sudan - Level 4: Do Not Travel,"Tue, 19 Apr 2022",http://travel.state.gov/content/travel/en/traveladvisories/traveladvisories/south-sudan-travel-advisory.html,4
Ukraine,UKR,Ukraine - Level 4: Do Not Travel,"Tue, 19 Apr 2022",http://travel.state.gov/content/travel/en/traveladvisories/traveladvisories/ukraine-travel-advisory.html,4
Ireland,IRL,Ireland - Level 1: Exercise Normal Precautions,"Tue, 19 Apr 2022",http://travel.state.gov/content/travel/en/traveladvisories/traveladvisories/ireland-travel-advisory.html,1
Palau,PLW,Palau - Level 1: Exercise Normal Precautions,"Mon, 18 Apr 2022",http://travel.state.gov/content/travel/en/traveladvisories/traveladvisories/palau-travel-advisory.html,1
Russia,RUS,Russia - Level 4: Do Not Travel,"Tue, 19 Apr 2022",http://travel.state.gov/content/travel/en/traveladvisories/traveladvisories/russia-travel-advisory.html,4
Sao Tome and Principe,STP,Sao Tome and Principe - Level 1: Exercise Normal Precautions,"Tue, 19 Apr 2022",http://travel.state.gov/content/travel/en/traveladvisories/traveladvisories/sao-tome-and-principe-travel-advisory.html,1
Antarctica,ATA,Antarctica - Level 2: Exercise Increased Caution,"Mon, 18 Apr 2022",http://travel.state.gov/content/travel/en/traveladvisories/traveladvisories/antarctica-travel-advisory.html,2
Democratic Republic of the Congo,COD,Democratic Republic of the Congo - Level 3: Reconsider Travel,"Tue, 19 Apr 2022",http://travel.state.gov/content/travel/en/traveladvisories/traveladvisories/democratic-republic-of-the-congo-travel-advisory.html,3
Ecuador,ECU,Ecuador - Level 2: Exercise Increased Caution,"Tue, 19 Apr 2022",http://travel.state.gov/content/travel/en/traveladvisories/traveladvisories/ecuador-travel-advisory.html,2
Indonesia,IDN,Indonesia - Level 2: Exercise Increased Caution,"Mon, 02 May 2022",http://travel.state.gov/content/travel/en/traveladvisories/traveladvisories/indonesia-travel-advisory.html,2
Latvia,LVA,Latvia - Level 1: Exercise Normal Precautions,"Tue, 19 Apr 2022",http://travel.state.gov/content/travel/en/traveladvisories/traveladvisories/latvia-travel-advisory.html,1
Philippines,PHL,Philippines - Level 2: Exercise Increased Caution,"Mon, 18 Apr 2022",http://travel.state.gov/content/travel/en/traveladvisories/traveladvisories/philippines-travel-advisory.html,2
Marshall Islands,MHL,Marshall Islands - Level 3: Reconsider Travel,"Mon, 18 Apr 2022",http://travel.state.gov/content/travel/en/traveladvisories/traveladvisories/marshall-islands-travel-advisory.html,3
Togo,TGO,Togo - Level 1: Exercise Normal Precautions,"Tue, 19 Apr 2022",http://travel.state.gov/content/travel/en/traveladvisories/traveladvisories/togo-travel-advisory.html,1
Uganda,UGA,Uganda - Level 3: Reconsider Travel,"Tue, 19 Apr 2022",http://travel.state.gov/content/travel/en/traveladvisories/traveladvisories/uganda-travel-advisory.html,3
Finland,FIN,Finland - Level 1: Exercise Normal Precautions,"Tue, 19 Apr 2022",http://travel.state.gov/content/travel/en/traveladvisories/traveladvisories/finland-travel-advisory.html,1
Croatia,HRV,Croatia - Level 1: Exercise Normal Precautions,"Tue, 19 Apr 2022",http://travel.state.gov/content/travel/en/traveladvisories/traveladvisories/croatia-travel-advisory.html,1
United Kingdom,GBR,United Kingdom - Level 2: Exercise Increased Caution,"Tue, 19 Apr 2022",http://travel.state.gov/content/travel/en/traveladvisories/traveladvisories/united-kingdom-travel-advisory.html,2
Turks and Caicos Islands,TCA,Turks and Caicos Islands - Level 2: Exercise Increased Caution,"Mon, 18 Apr 2022",http://travel.state.gov/content/travel/en/traveladvisories/traveladvisories/turks-and-caicos-travel-advisory.html,2
Nicaragua,NIC,Nicaragua - Level 3: Reconsider Travel,"Tue, 19 Apr 2022",http://travel.state.gov/content/travel/en/traveladvisories/traveladvisories/nicaragua-travel-advisory.html,3
Cambodia,KHM,Cambodia - Level 1: Exercise Normal Precautions,"Mon, 18 Apr 2022",http://travel.state.gov/content/travel/en/traveladvisories/traveladvisories/cambodia-travel-advisory.html,1
Bosnia and Herzegovina,BIH,Bosnia and Herzegovina - Level 2: Exercise Increased Caution,"Tue, 19 Apr 2022",http://travel.state.gov/content/travel/en/traveladvisories/traveladvisories/bosinia-and-herzegovina-travel-advisory.html,2
Dominican Republic,DOM,Dominican Republic - Level 2: Exercise Increased Caution,"Wed, 20 Apr 2022",http://travel.state.gov/content/travel/en/traveladvisories/traveladvisories/dominican-republic-travel-advisory.html,2
Spain,ESP,Spain - Level 2: Exercise Increased Caution,"Tue, 19 Apr 2022",http://travel.state.gov/content/travel/en/traveladvisories/traveladvisories/spain-travel-advisory.html,2
Liechtenstein,LIE,Liechtenstein - Level 1: Exercise Normal Precautions,"Tue, 19 Apr 2022",http://travel.state.gov/content/travel/en/traveladvisories/traveladvisories/Liechtenstein-Travel-Advisory.html,1
Brunei,BRN,Brunei - Level 3: Reconsider Travel,"Mon, 18 Apr 2022",http://travel.state.gov/content/travel/en/traveladvisories/traveladvisories/brunei-travel-advisory.html,3
Uzbekistan,UZB,Uzbekistan - Level 1: Exercise Normal Precautions,"Mon, 18 Apr 2022",http://travel.state.gov/content/travel/en/traveladvisories/traveladvisories/uzbekistan-travel-advisory.html,1
Kenya,KEN,Kenya - Level 2: Exercise Increased Caution,"Mon, 18 Apr 2022",http://travel.state.gov/content/travel/en/traveladvisories/traveladvisories/kenya-travel-advisory.html,2
Saint Lucia,LCA,Saint Lucia - Level 1: Exercise Normal Precautions,"Tue, 19 Apr 2022",http://travel.state.gov/content/travel/en/traveladvisories/traveladvisories/saint-lucia-travel-advisory.html,1
Benin,BEN,Benin - Level 2: Exercise Increased Caution,"Mon, 18 Apr 2022",http://travel.state.gov/content/travel/en/traveladvisories/traveladvisories/benin-travel-advisory.html,2
Papua New Guinea,PNG,Papua New Guinea - Level 4: Do Not Travel,"Mon, 18 Apr 2022",http://travel.state.gov/content/travel/en/traveladvisories/traveladvisories/papua-new-guinea-travel-advisory.html,4
Slovenia,SVN,Slovenia - Level 3: Reconsider Travel,"Tue, 19 Apr 2022",http://travel.state.gov/content/travel/en/traveladvisories/traveladvisories/slovenia-travel-advisory.html,3
Sri Lanka,LKA,Sri Lanka - Level 3: Reconsider Travel,"Mon, 18 Apr 2022",http://travel.state.gov/content/travel/en/traveladvisories/traveladvisories/sri-lanka-travel-advisory.html,3
French Polynesia,PYF,French Polynesia - Level 1: Exercise Normal Precautions,"Mon, 18 Apr 2022",http://travel.state.gov/content/travel/en/traveladvisories/traveladvisories/french-polynesia-travel-advisory.html,1
Vietnam,VNM,Vietnam - Level 1: Exercise Normal Precautions,"Mon, 18 Apr 2022",http://travel.state.gov/content/travel/en/traveladvisories/traveladvisories/vietnam-travel-advisory.html,1
Antigua and Barbuda,ATG,Antigua and Barbuda - Level 1: Exercise Normal Precautions,"Mon, 02 May 2022",http://travel.state.gov/content/travel/en/traveladvisories/traveladvisories/antigua-and-barbuda-travel-advisory.html,1
Burkina Faso,BFA,Burkina Faso - Level 4: Do Not Travel,"Mon, 18 Apr 2022",http://travel.state.gov/content/travel/en/traveladvisories/traveladvisories/burkina-faso-travel-advisory.html,4
Switzerland,CHE,Switzerland - Level 1: Exercise Normal Precautions,"Tue, 19 Apr 2022",http://travel.state.gov/content/travel/en/traveladvisories/traveladvisories/switzerland-travel-advisory.html,1
Israe",ISR,"Israel - Level 2: Exercise Increased Caution","Mon, 02 May 2022",http://travel.state.gov/content/travel/en/traveladvisories/traveladvisories/israel-west-bank-and-gaza-travel-advisory.html,2
Singapore,SGP,Singapore - Level 1: Exercise Normal Precautions,"Mon, 18 Apr 2022",http://travel.state.gov/content/travel/en/traveladvisories/traveladvisories/singapore-travel-advisory.html,1
Iraq,IRQ,Iraq - Level 4: Do Not Travel,"Mon, 18 Apr 2022",http://travel.state.gov/content/travel/en/traveladvisories/traveladvisories/iraq-travel-advisory.html,4
Albania,ALB,Albania - Level 2: Exercise Increased Caution,"Tue, 19 Apr 2022",http://travel.state.gov/content/travel/en/traveladvisories/traveladvisories/albania-travel-advisory.html,2
The Gambia,GMB,The Gambia - Level 1: Exercise Normal Precautions,"Mon, 25 Apr 2022",http://travel.state.gov/content/travel/en/traveladvisories/traveladvisories/the-gambia-travel-advisory.html,1
Netherlands,NLD,Netherlands - Level 2: Exercise Increased Caution,"Tue, 19 Apr 2022",http://travel.state.gov/content/travel/en/traveladvisories/traveladvisories/netherlands-travel-advisory.html,2
Nauru,NRU,Nauru - Level 1: Exercise Normal Precautions,"Mon, 18 Apr 2022",http://travel.state.gov/content/travel/en/traveladvisories/traveladvisories/nauru-travel-advisory.html,1
Seychelles,SYC,Seychelles - Level 1: Exercise Normal Precautions,"Tue, 19 Apr 2022",http://travel.state.gov/content/travel/en/traveladvisories/traveladvisories/seychelles-travel-advisory.html,1
Yemen,YEM,Yemen - Level 4: Do Not Travel,"Mon, 18 Apr 2022",http://travel.state.gov/content/travel/en/traveladvisories/traveladvisories/yemen-travel-advisory.html,4
Comoros,COM,Comoros - Level 1: Exercise Normal Precautions,"Mon, 18 Apr 2022",http://travel.state.gov/content/travel/en/traveladvisories/traveladvisories/comoros-travel-advisory.html,1
Trinidad and Tobago,TTO,Trinidad and Tobago - Level 2: Exercise Increased Caution,"Mon, 18 Apr 2022",http://travel.state.gov/content/travel/en/traveladvisories/traveladvisories/trinidad-and-tobago-travel-advisory.html,2
Mozambique,MOZ,Mozambique - Level 2: Exercise Increased Caution,"Wed, 20 Apr 2022",http://travel.state.gov/content/travel/en/traveladvisories/traveladvisories/mozambique-travel-advisory.html,2
Micronesia,FSM,Micronesia - Level 3: Reconsider Travel,"Mon, 18 Apr 2022",http://travel.state.gov/content/travel/en/traveladvisories/traveladvisories/micronesia-travel-advisory.html,3
Denmark,DNK,Denmark - Level 2: Exercise Increased Caution,"Tue, 19 Apr 2022",http://travel.state.gov/content/travel/en/traveladvisories/traveladvisories/denmark-travel-advisory.html,2
Nepal,NPL,Nepal - Level 2: Exercise Increased Caution,"Mon, 18 Apr 2022",http://travel.state.gov/content/travel/en/traveladvisories/traveladvisories/nepal-travel-advisory.html,2
Honduras,HND,Honduras - Level 3: Reconsider Travel,"Tue, 19 Apr 2022",http://travel.state.gov/content/travel/en/traveladvisories/traveladvisories/honduras-travel-advisory.html,3
Mali,MLI,Mali - Level 4: Do Not Travel,"Mon, 18 Apr 2022",http://travel.state.gov/content/travel/en/traveladvisories/traveladvisories/mali-travel-advisory.html,4
Equatorial Guinea,GNQ,Equatorial Guinea - Level 1: Exercise Normal Precautions,"Mon, 18 Apr 2022",http://travel.state.gov/content/travel/en/traveladvisories/traveladvisories/equatorial-guinea-travel-advisory.html,1
Kazakhstan,KAZ,Kazakhstan - Level 2: Exercise Increased Caution,"Wed, 20 Apr 2022",http://travel.state.gov/content/travel/en/traveladvisories/traveladvisories/kazakhstan-travel-advisory.html,2
Laos,LAO,Laos - Level 3: Reconsider Travel,"Mon, 18 Apr 2022",http://travel.state.gov/content/travel/en/traveladvisories/traveladvisories/laos-travel-advisory.html,3
Djibouti,DJI,Djibouti - Level 2: Exercise Increased Caution,"Wed, 20 Apr 2022",http://travel.state.gov/content/travel/en/traveladvisories/traveladvisories/djibouti-travel-advisory.html,2
Sierra Leone,SLE,Sierra Leone - Level 2: Exercise Increased Caution,"Tue, 19 Apr 2022",http://travel.state.gov/content/travel/en/traveladvisories/traveladvisories/sierra-leone-travel-advisory.html,2
Peru,PER,Peru - Level 2: Exercise Increased Caution,"Wed, 27 Apr 2022",http://travel.state.gov/content/travel/en/traveladvisories/traveladvisories/peru-travel-advisory.html,2
Lithuania,LTU,Lithuania - Level 1: Exercise Normal Precautions,"Mon, 18 Apr 2022",http://travel.state.gov/content/travel/en/traveladvisories/traveladvisories/lithuania-travel-advisory.html,1
Fiji,FJI,Fiji - Level 1: Exercise Normal Precautions,"Mon, 18 Apr 2022",http://travel.state.gov/content/travel/en/traveladvisories/traveladvisories/fiji-travel-advisory.html,1
Egypt,EGY,Egypt - Level 3: Reconsider Travel,"Mon, 02 May 2022",http://travel.state.gov/content/travel/en/traveladvisories/traveladvisories/egypt-travel-advisory.html,3
Serbia,SRB,Serbia - Level 2: Exercise Increased Caution,"Tue, 19 Apr 2022",http://travel.state.gov/content/travel/en/traveladvisories/traveladvisories/serbia-travel-advisory.html,2
Cabo Verde,CPV,Cabo Verde - Level 1: Exercise Normal Precautions,"Mon, 18 Apr 2022",http://travel.state.gov/content/travel/en/traveladvisories/traveladvisories/cabo-verde-travel-advisory.html,1
Haiti,HTI,Haiti - Level 4: Do Not Travel,"Tue, 19 Apr 2022",http://travel.state.gov/content/travel/en/traveladvisories/traveladvisories/haiti-travel-advisory.html,4
Thailand,THA,Thailand - Level 1: Exercise Normal Precautions,"Mon, 18 Apr 2022",http://travel.state.gov/content/travel/en/traveladvisories/traveladvisories/thailand-travel-advisory.html,1
New Caledonia,NCL,New Caledonia - Level 1: Exercise Normal Precautions,"Mon, 18 Apr 2022",http://travel.state.gov/content/travel/en/traveladvisories/traveladvisories/new-caledonia-travel-advisory.html,1
Burundi,BDI,Burundi - Level 3: Reconsider Travel,"Mon, 18 Apr 2022",http://travel.state.gov/content/travel/en/traveladvisories/traveladvisories/burundi-travel-advisory.html,3
Costa Rica,CRI,Costa Rica - Level 2: Exercise Increased Caution,"Tue, 19 Apr 2022",http://travel.state.gov/content/travel/en/traveladvisories/traveladvisories/costa-rica-travel-advisory.html,2
South Korea,KOR,South Korea - Level 1: Exercise Normal Precautions,"Mon, 18 Apr 2022",http://travel.state.gov/content/travel/en/traveladvisories/traveladvisories/south-korea-travel-advisory.html,1
Pakistan,PAK,Pakistan - Level 3: Reconsider Travel,"Mon, 18 Apr 2022",http://travel.state.gov/content/travel/en/traveladvisories/traveladvisories/pakistan-travel-advisory.html,3
Venezuela,VEN,Venezuela - Level 4: Do Not Travel,"Mon, 18 Apr 2022",http://travel.state.gov/content/travel/en/traveladvisories/traveladvisories/venezuela-travel-advisory.html,4
Solomon Islands,SLB,Solomon Islands - Level 3: Reconsider Travel,"Mon, 18 Apr 2022",http://travel.state.gov/content/travel/en/traveladvisories/traveladvisories/solomon-island-travel-advisory.html,3
Belize,BLZ,Belize - Level 2: Exercise Increased Caution,"Mon, 18 Apr 2022",http://travel.state.gov/content/travel/en/traveladvisories/traveladvisories/belizetravel-advisory.html,2
Malaysia,MYS,Malaysia - Level 1: Exercise Normal Precautions,"Mon, 18 Apr 2022",http://travel.state.gov/content/travel/en/traveladvisories/traveladvisories/malaysia-travel-advisory.html,1
United Arab Emirates,ARE,United Arab Emirates - Level 3: Reconsider Travel,"Mon, 25 Apr 2022",http://travel.state.gov/content/travel/en/traveladvisories/traveladvisories/united-arab-emirates-travel-advisory.html,3
Liberia,LBR,Liberia - Level 2: Exercise Increased Caution,"Mon, 18 Apr 2022",http://travel.state.gov/content/travel/en/traveladvisories/traveladvisories/liberia-travel-advisory.html,2
Timor,TLS,Timor-Leste - Level 2: Exercise Increased Caution,"Mon, 18 Apr 2022",http://travel.state.gov/content/travel/en/traveladvisories/traveladvisories/timor-leste-travel-advisory.html,2
Iran,IRN,Iran - Level 4: Do Not Travel,"Mon, 02 May 2022",http://travel.state.gov/content/travel/en/traveladvisories/traveladvisories/iran-travel-advisory.html,4
Mauritania,MRT,Mauritania - Level 3: Reconsider Travel,"Mon, 18 Apr 2022",http://travel.state.gov/content/travel/en/traveladvisories/traveladvisories/mauritania-travel-advisory.html,3
Guinea,GIN,Guinea - Level 2: Exercise Increased Caution,"Mon, 02 May 2022",http://travel.state.gov/content/travel/en/traveladvisories/traveladvisories/guinea-travel-advisory.html,2
Guyana,GUY,Guyana - Level 3: Reconsider Travel,"Tue, 19 Apr 2022",http://travel.state.gov/content/travel/en/traveladvisories/traveladvisories/guyana-travel-advisory.html,3
Niger,NER,Niger - Level 3: Reconsider Travel,"Wed, 20 Apr 2022",http://travel.state.gov/content/travel/en/traveladvisories/traveladvisories/niger-travel-advisory.html,3
Republic of the Congo,COD,Republic of the Congo - Level 2: Exercise Increased Caution,"Tue, 19 Apr 2022",http://travel.state.gov/content/travel/en/traveladvisories/traveladvisories/republic-of-the-congo-travel-advisory.html,2
Botswana,BWA,Botswana - Level 1: Exercise Normal Precautions,"Mon, 02 May 2022",http://travel.state.gov/content/travel/en/traveladvisories/traveladvisories/botswana-travel-advisory.html,1
Samoa,WSM,Samoa - Level 3: Reconsider Travel,"Mon, 18 Apr 2022",http://travel.state.gov/content/travel/en/traveladvisories/traveladvisories/samoa-travel-advisory.html,3
Macau,MAC,Macau - Level 3: Reconsider Travel,"Mon, 18 Apr 2022",http://travel.state.gov/content/travel/en/traveladvisories/traveladvisories/macau-travel-advisory.html,3
Bahrain,BHR,Bahrain - Level 2: Exercise Increased Caution,"Wed, 20 Apr 2022",http://travel.state.gov/content/travel/en/traveladvisories/traveladvisories/bahrain-travel-advisory.html,2
Kosovo,KOV,Kosovo - Level 3: Reconsider Travel,"Tue, 19 Apr 2022",http://travel.state.gov/content/travel/en/traveladvisories/traveladvisories/kosovo-travel-advisory.html,3
Cayman Islands,CYM,Cayman Islands - Level 3: Reconsider Travel,"Tue, 19 Apr 2022",http://travel.state.gov/content/travel/en/traveladvisories/traveladvisories/cayman-islands-travel-advisory.html,3
Malawi,MWI,Malawi - Level 1: Exercise Normal Precautions,"Mon, 18 Apr 2022",http://travel.state.gov/content/travel/en/traveladvisories/traveladvisories/malawi-travel-advisory.html,1
Kyrgyzstan,KGZ,Kyrgyzstan - Level 1: Exercise Normal Precautions,"Wed, 20 Apr 2022",http://travel.state.gov/content/travel/en/traveladvisories/traveladvisories/the-kyrgyz-republic-travel-advisory.html,1
Bulgaria,BGR,Bulgaria - Level 1: Exercise Normal Precautions,"Tue, 19 Apr 2022",http://travel.state.gov/content/travel/en/traveladvisories/traveladvisories/bulgaria-travel-advisory.html,1
Eswatini,SWZ,Eswatini - Level 2: Exercise Increased Caution,"Mon, 18 Apr 2022",http://travel.state.gov/content/travel/en/traveladvisories/traveladvisories/eswatini-travel-advisory.html,2
Turkmenistan,TKM,Turkmenistan - Level 3: Reconsider Travel,"Wed, 20 Apr 2022",http://travel.state.gov/content/travel/en/traveladvisories/traveladvisories/turkmenistan-travel-advisory.html,3
Australia,AUS,Australia - Level 1: Exercise Normal Precautions,"Mon, 18 Apr 2022",http://travel.state.gov/content/travel/en/traveladvisories/traveladvisories/australia-travel-advisory.html,1
Bermuda,BMU,Bermuda - Level 1: Exercise Normal Precautions,"Tue, 19 Apr 2022",http://travel.state.gov/content/travel/en/traveladvisories/traveladvisories/bermuda-travel-advisory.html,1
France,FRA,France - Level 2: Exercise Increased Caution,"Tue, 19 Apr 2022",http://travel.state.gov/content/travel/en/traveladvisories/traveladvisories/france-travel-advisory.html,2
Sint Maarten,SXM,Sint Maarten - Level 1: Exercise Normal Precautions,"Mon, 18 Apr 2022",http://travel.state.gov/content/travel/en/traveladvisories/traveladvisories/sint-maarten-travel-advisory.html,1
Kuwait,KWT,Kuwait - Level 1: Exercise Normal Precautions,"Wed, 20 Apr 2022",http://travel.state.gov/content/travel/en/traveladvisories/traveladvisories/kuwait-travel-advisory.html,1
Libya,LBY,Libya - Level 4: Do Not Travel,"Mon, 25 Apr 2022",http://travel.state.gov/content/travel/en/traveladvisories/traveladvisories/libya-travel-advisory.html,4
New Zealand,NZL,New Zealand - Level 3: Reconsider Travel,"Mon, 18 Apr 2022",http://travel.state.gov/content/travel/en/traveladvisories/traveladvisories/new-zealand-travel-advisory.html,3
Ethiopia,ETH,Ethiopia - Level 3: Reconsider Travel,"Fri, 22 Apr 2022",http://travel.state.gov/content/travel/en/traveladvisories/traveladvisories/ethiopia-travel-advisory.html,3
South Africa,ZAF,South Africa - Level 2: Exercise Increased Caution,"Tue, 19 Apr 2022",http://travel.state.gov/content/travel/en/traveladvisories/traveladvisories/south-africa-travel-advisory.html,2
Panama,PAN,Panama - Level 3: Reconsider Travel,"Wed, 20 Apr 2022",http://travel.state.gov/content/travel/en/traveladvisories/traveladvisories/panama-travel-advisory.html,3
Romania,ROU,Romania - Level 1: Exercise Normal Precautions,"Tue, 19 Apr 2022",http://travel.state.gov/content/travel/en/traveladvisories/traveladvisories/romania-travel-advisory.html,1
Italy,ITA,Italy - Level 2: Exercise Increased Caution,"Mon, 25 Apr 2022",http://travel.state.gov/content/travel/en/traveladvisories/traveladvisories/italy-travel-advisory.html,2
Cote d Ivoire,CIV,Cote d Ivoire - Level 3: Reconsider Travel,"Mon, 18 Apr 2022",http://travel.state.gov/content/travel/en/traveladvisories/traveladvisories/cote-d-ivoire-travel-advisory.html,3
Montserrat,MSR,Montserrat - Level 1: Exercise Normal Precautions,"Tue, 19 Apr 2022",http://travel.state.gov/content/travel/en/traveladvisories/traveladvisories/montserrat-travel-advisory.html,1
Lebanon,LBN,Lebanon - Level 3: Reconsider Travel,"Mon, 18 Apr 2022",http://travel.state.gov/content/travel/en/traveladvisories/traveladvisories/lebanon-travel-advisory.html,3
Mexico,MEX,Mexico - Level 3: Reconsider Travel,"Mon, 02 May 2022",http://travel.state.gov/content/travel/en/traveladvisories/traveladvisories/mexico-travel-advisory.html,3
India,IND,India - Level 2: Exercise Increased Caution,"Mon, 18 Apr 2022",http://travel.state.gov/content/travel/en/traveladvisories/traveladvisories/india-travel-advisory.html,2
